ContentID;Leeftijd;Taal;Genre;Titel
1;12;Engels;Detective;Sherlock
2;12;Engels;Detective;Sherlock
3;12;Engels;Detective;Sherlock
4;16;Engels-Amerikaans;Spanning;Breaking Bad
5;16;Engels-Amerikaans;Spanning;Breaking Bad
6;16;Engels-Amerikaans;Spanning;Fargo
7;16;Engels-Amerikaans;Spanning;Fargo
8;12;Engels;Detective;The Abominable Bride
9;12;Engels;Humor;The Life of Brian
10;16;Engels-Amerikaans;Misdaad;Pulp Fiction
11;18;Nederlands;Erotiek;Pruimebloesem
12;16;Engels-Amerikaans;Misdaad;Reservoir Dogs
13;12;Engels-Amerikaans;Western;The Good, the Bad and the Ugly
14;16;Engels-Amerikaans;Humor;Andy Warhol's Dracula
15;6;Nederlands;Humor;Ober
16;6;Duits;Oorlog;Der Untergang
17;12;Vlaams;Humor;De helaasheid der dingen
18;16;Engels;SF;A Clockwork Orange